{"cameraMode":{"drawMode":0,"name":"Shaded","section":"Shading Mode"},"sceneLighting":true,"audioPlay":false,"sceneViewState":{"m_AlwaysRefresh":false,"showFog":true,"showSkybox":true,"showFlares":true,"showImageEffects":true,"showParticleSystems":true,"showVisualEffectGraphs":true,"m_FxEnabled":true},"in2DMode":false,"pivot":{"x":0.935019850730896,"y":0.443172425031662,"z":0.09588313102722168},"rotation":{"x":0.00032692652894183993,"y":0.9949572682380676,"z":-0.0032937100622802974,"w":0.10031601041555405},"size":0.9585422873497009,"orthographic":false}